date,time,endpoint,query,success,status_code,record_count,error_message,note
2026-05-20,23:22,system_check,build_report,1,,0,,X API health altyapısı çalıştı.
2026-05-21,00:01,system_check,build_report,1,,0,,X API health altyapısı çalıştı.
2026-05-21,04:51,system_check,build_report,1,,0,,X API health altyapısı çalıştı.
2026-05-21,08:29,system_check,build_report,1,,0,,X API health altyapısı çalıştı.
2026-05-21,11:47,system_check,build_report,1,,0,,X API health altyapısı çalıştı.
2026-05-21,14:49,system_check,build_report,1,,0,,X API health altyapısı çalıştı.
2026-05-21,17:27,system_check,build_report,1,,0,,X API health altyapısı çalıştı.
2026-05-21,19:26,system_check,build_report,1,,0,,X API health altyapısı çalıştı.
2026-05-21,21:09,system_check,build_report,1,,0,,X API health altyapısı çalıştı.
2026-05-21,22:47,system_check,build_report,1,,0,,X API health altyapısı çalıştı.
2026-05-21,23:55,system_check,build_report,1,,0,,X API health altyapısı çalıştı.
2026-05-22,02:50,system_check,build_report,1,,0,,X API health altyapısı çalıştı.
2026-05-22,06:43,system_check,build_report,1,,0,,X API health altyapısı çalıştı.
2026-05-22,10:20,system_check,build_report,1,,0,,X API health altyapısı çalıştı.
2026-05-22,12:37,system_check,build_report,1,,0,,X API health altyapısı çalıştı.
2026-05-22,15:46,system_check,build_report,1,,0,,X API health altyapısı çalıştı.
